{
"type":"gcc",
"toolTip":"Oil And Gas",
"description":"Dynamometric module, wireless dynamometer for acquiring surface dynamometric charts.",
"Sizes":"TBD",
"ImageFile":"blz1.gif",
"IconFile":"TBD",
"Mounting":"Holder Riel DIN",
"Table":[ 
	{
		"Name": "VccMax",
		"Value": "5.5V"
	},
	{
		"Name":"VccMin",
		"Value":"4.8V"
	},
	{
		"Name":"IccMax",
		"Value":"50mA"
	}
	],

"HardwareDescription":[ 
	{
		"PinName": "J4,J5",
		"PinType": "I2C",
		"PinDescription": "EMIC connector",
	},
	{
		"PinName": "LED",
		"PinType": "Led",
		"PinDescription": "General purpose led",
	},
	{
		"PinName": "USB POWER-J1",
		"PinType": "Jumper",
		"PinDescription": "Jumper for powered by 5V to connectors J4 and J5",
	},
	{
		"PinName": "J2",
		"PinType": "USB",
		"PinDescription": "Connector Mini USB Type B Female Port 5-Pin ",
	},
	{
		"PinName": "RX",
		"PinType": "Led",
		"PinDescription": "Reception indicator led",
	},
	{
		"PinName": "TX",
		"PinType": "Led",
		"PinDescription": "Transmission indicator led",
	}
],
"Simulation":"DRN1285.dll",
"features":[
				"Emic bus compatible.",
				"Size:7x2cm",
				"Mounting type Holder Riel DIN.",
				"Temperature range -25�C a 80�C.",
				],
"applications":["Data logger.",
				"IoT.",
				"Debuggin.",
				"Power Supply.",
				],
"keyWord":[
			"gas",
			"CO",
			"NOx",
			"industrial"
			]
}
