[{ "ColectionName" : null, "BaseDirectory" : null, "Path" : null, "Archivo" : null, "driverName" : "LED", "TexEmergent" : null, "ConfigTags" : null, "Modulos" : [{ "Nombre" : "led1", "NombreToolBox" : "led1.State", "Tipo" : "SistemFnc", "title" : "Change the state of the led, 1-on, 0-off, 2-toggle", "FunctionReturn" : "", "FunctioNParametros" : "", "returnInfo" : { "type" : "", "tooltip" : "Nothing" }, "parameters" : [{ "name" : "State", "tooltip" : "1-on 0-off 2-toggle", "required" : "true", "type" : "state" }], "InnerHTML" : "<div type='void' class='lineaDeCodigo' definir='use_LED1_function'  originalclass='funcion' originalid='led1' draggable='true' ondragstart='drag_linea(event)'>Led1.State(<div type='uint16_t' title='1-on 0-off 2-toggle' class='parametroDiv'></div>)</div>", "driverName" : "LED", "location" : "C:\\Users\\RFI\\Dropbox\\___RFI Project\\Firm\\Developments\\mariano.hunkeler@rfindustrial.com\\DEV\\DINA\\_api\\Indicators\\LEDs" }, { "Nombre" : "blkLed1", "NombreToolBox" : "led1.blink", "Tipo" : "SistemFnc", "title" : "blink led1", "FunctionReturn" : "", "FunctioNParametros" : "", "returnInfo" : { "type" : "", "tooltip" : "Nothing" }, "parameters" : [{ "name" : "timeOn", "tooltip" : "1-on, 0-off, 2-toggle", "required" : "true", "type" : "uint16_t" }, { "name" : "period", "tooltip" : "", "required" : "true", "type" : "uint16_t" }, { "name" : "times", "tooltip" : "", "required" : "", "type" : "uint16_t" }], "InnerHTML" : "<div type='void' class='lineaDeCodigo' definir='use_blkLed1_function use_pullLeds_function'  originalclass='funcion' originalid='blkLed1' draggable='true' ondragstart='drag_linea(event)' >Led1.blink(<div title='time on (ms)' class='parametroDiv' type='uint16_t'></div>,<div title='period (ms)' class='parametroDiv' type='uint16_t'></div> ,<div title='times' class='parametroDiv' type='uint16_t'></div>)</div>", "driverName" : "LED", "location" : "C:\\Users\\RFI\\Dropbox\\___RFI Project\\Firm\\Developments\\mariano.hunkeler@rfindustrial.com\\DEV\\DINA\\_api\\Indicators\\LEDs" }, { "Nombre" : "led2", "NombreToolBox" : "led2.State", "Tipo" : "SistemFnc", "title" : "Change the state of the led, 1-on, 0-off, 2-toggle", "FunctionReturn" : "", "FunctioNParametros" : "", "returnInfo" : { "type" : "", "tooltip" : "Nothing" }, "parameters" : [{ "name" : "State", "tooltip" : "1-on, 0-off, 2-toggle", "required" : "true", "type" : "state" }], "InnerHTML" : "<div type='void' class='lineaDeCodigo' definir='use_LED2_function'  originalclass='funcion' originalid='led2' draggable='true' ondragstart='drag_linea(event)'>Led2.State(<div type='uint16_t' title='1-on, 0-off, 2-toggle' class='parametroDiv'></div>)</div>", "driverName" : "LED", "location" : "C:\\Users\\RFI\\Dropbox\\___RFI Project\\Firm\\Developments\\mariano.hunkeler@rfindustrial.com\\DEV\\DINA\\_api\\Indicators\\LEDs" }, { "Nombre" : "blkLed2", "NombreToolBox" : "led2.blink", "Tipo" : "SistemFnc", "title" : "blink led2", "FunctionReturn" : "", "FunctioNParametros" : "", "returnInfo" : { "type" : "", "tooltip" : "Nothing" }, "parameters" : [{ "name" : "timeOn", "tooltip" : "1-on, 0-off, 2-toggle", "required" : "true", "type" : "uint16_t" }, { "name" : "period", "tooltip" : "", "required" : "true", "type" : "uint16_t" }, { "name" : "times", "tooltip" : "", "required" : "", "type" : "uint16_t" }], "InnerHTML" : "<div type='void' class='lineaDeCodigo' definir='use_blkLed2_function use_pullLeds_function'  originalclass='funcion' originalid='blkLed2' draggable='true' ondragstart='drag_linea(event)' incluir='_hard/Timer/inc/timer.h'>Led2.blink(<div title='time on (ms)' class='parametroDiv' type='uint16_t'></div>,<div title='period (ms)' class='parametroDiv' type='uint16_t'></div> ,<div title='times' class='parametroDiv' type='uint16_t'></div>)</div>", "driverName" : "LED", "location" : "C:\\Users\\RFI\\Dropbox\\___RFI Project\\Firm\\Developments\\mariano.hunkeler@rfindustrial.com\\DEV\\DINA\\_api\\Indicators\\LEDs" }], "ModulosN" : ["led1", "blkLed1", "led2", "blkLed2"] }, { "ColectionName" : null, "BaseDirectory" : null, "Path" : null, "Archivo" : null, "driverName" : "TIMER", "TexEmergent" : null, "ConfigTags" : null, "Modulos" : [{ "Nombre" : "setTime1", "NombreToolBox" : "setTimeOut1", "Tipo" : "SistemFnc", "title" : "Time in milliseconds for the event to be generated", "returnInfo" : { "type" : "", "tooltip" : "Nothing" }, "parameters" : [{ "name" : "time", "tooltip" : "Time in milliseconds", "required" : "true", "type" : "int" }, { "name" : "mode timer", "tooltip" : "select timer mode", "required" : "true", "type" : "char" }], "InnerHTML" : "<div type='void' class='lineaDeCodigo' definir='use_setTime1_function'  originalclass='funcion' originalid='setTime1' draggable='true' ondragstart='drag_linea(event)'>TIMER.setTimeOut1(<div type='uint32_t' title='Time in milliseconds' class='parametroDiv'></div>,<div type='char' title='T:timer, A:auto-reload' class='parametroDiv'></div>)</div>", "driverName" : "TIMER", "location" : "C:\\Users\\RFI\\Dropbox\\___RFI Project\\Firm\\Developments\\mariano.hunkeler@rfindustrial.com\\DEV\\DINA\\_api\\Timer" }, { "Nombre" : "setTime2", "NombreToolBox" : "setTimeOut2", "Tipo" : "SistemFnc", "title" : "Time in milliseconds for the event to be generated", "returnInfo" : { "type" : "", "tooltip" : "Nothing" }, "parameters" : [{ "name" : "time", "tooltip" : "Time in milliseconds", "required" : "true", "type" : "int" }, { "name" : "mode timer", "tooltip" : "select timer mode", "required" : "true", "type" : "char" }], "InnerHTML" : "<div type='void' class='lineaDeCodigo' definir='use_setTime2_function'  originalclass='funcion' originalid='setTime2' draggable='true' ondragstart='drag_linea(event)'>TIMER.setTimeOut2(<div type='uint32_t' title='Time in milliseconds' class='parametroDiv'></div>,<div type='char' title='T:timer, A:auto-reload' class='parametroDiv'></div>)</div>", "driverName" : "TIMER", "location" : "C:\\Users\\RFI\\Dropbox\\___RFI Project\\Firm\\Developments\\mariano.hunkeler@rfindustrial.com\\DEV\\DINA\\_api\\Timer" }, { "Nombre" : "setTime3", "NombreToolBox" : "setTimeOut3", "Tipo" : "SistemFnc", "title" : "Time in milliseconds for the event to be generated", "returnInfo" : { "type" : "", "tooltip" : "Nothing" }, "parameters" : [{ "name" : "time", "tooltip" : "Time in milliseconds", "required" : "true", "type" : "int" }, { "name" : "mode timer", "tooltip" : "select timer mode", "required" : "true", "type" : "char" }], "InnerHTML" : "<div type='void' class='lineaDeCodigo' definir='use_setTime3_function'  originalclass='funcion' originalid='setTime3' draggable='true' ondragstart='drag_linea(event)'>TIMER.setTimeOut3(<div type='uint32_t' title='Time in milliseconds' class='parametroDiv'></div>,<div type='char' title='T:timer, A:auto-reload' class='parametroDiv'></div>)</div>", "driverName" : "TIMER", "location" : "C:\\Users\\RFI\\Dropbox\\___RFI Project\\Firm\\Developments\\mariano.hunkeler@rfindustrial.com\\DEV\\DINA\\_api\\Timer" }, { "Nombre" : "setTime4", "NombreToolBox" : "setTimeOut4", "Tipo" : "SistemFnc", "title" : "Time in milliseconds for the event to be generated", "returnInfo" : { "type" : "", "tooltip" : "Nothing" }, "parameters" : [{ "name" : "time", "tooltip" : "Time in milliseconds", "required" : "true", "type" : "int" }, { "name" : "mode timer", "tooltip" : "select timer mode", "required" : "true", "type" : "char" }], "InnerHTML" : "<div type='void' class='lineaDeCodigo' definir='use_setTime4_function'  originalclass='funcion' originalid='setTime4' draggable='true' ondragstart='drag_linea(event)'>TIMER.setTimeOut4(<div type='uint32_t' title='Time in milliseconds' class='parametroDiv'></div>,<div type='char' title='T:timer, A:auto-reload' class='parametroDiv'></div>)</div>", "driverName" : "TIMER", "location" : "C:\\Users\\RFI\\Dropbox\\___RFI Project\\Firm\\Developments\\mariano.hunkeler@rfindustrial.com\\DEV\\DINA\\_api\\Timer" }, { "Nombre" : "setTime5", "NombreToolBox" : "setTimeOut5", "Tipo" : "SistemFnc", "title" : "Time in milliseconds for the event to be generated", "returnInfo" : { "type" : "", "tooltip" : "Nothing" }, "parameters" : [{ "name" : "time", "tooltip" : "Time in milliseconds", "required" : "true", "type" : "int" }, { "name" : "mode timer", "tooltip" : "select timer mode", "required" : "true", "type" : "char" }], "InnerHTML" : "<div type='void' class='lineaDeCodigo' definir='use_setTime5_function'  originalclass='funcion' originalid='setTime5' draggable='true' ondragstart='drag_linea(event)'>TIMER.setTimeOut5(<div type='uint32_t' title='Time in milliseconds' class='parametroDiv'></div>,<div type='char' title='T:timer, A:auto-reload' class='parametroDiv'></div>)</div>", "driverName" : "TIMER", "location" : "C:\\Users\\RFI\\Dropbox\\___RFI Project\\Firm\\Developments\\mariano.hunkeler@rfindustrial.com\\DEV\\DINA\\_api\\Timer" }, { "Nombre" : "setTime6", "NombreToolBox" : "setTimeOut6", "Tipo" : "SistemFnc", "title" : "Time in milliseconds for the event to be generated", "returnInfo" : { "type" : "", "tooltip" : "Nothing" }, "parameters" : [{ "name" : "time", "tooltip" : "Time in milliseconds", "required" : "true", "type" : "int" }, { "name" : "mode timer", "tooltip" : "select timer mode", "required" : "true", "type" : "char" }], "InnerHTML" : "<div type='void' class='lineaDeCodigo' definir='use_setTime6_function'  originalclass='funcion' originalid='setTime6' draggable='true' ondragstart='drag_linea(event)'>TIMER.setTimeOut6(<div type='uint32_t' title='Time in milliseconds' class='parametroDiv'></div>,<div type='char' title='T:timer, A:auto-reload' class='parametroDiv'></div>)</div>", "driverName" : "TIMER", "location" : "C:\\Users\\RFI\\Dropbox\\___RFI Project\\Firm\\Developments\\mariano.hunkeler@rfindustrial.com\\DEV\\DINA\\_api\\Timer" }, { "Nombre" : "etOut1", "NombreToolBox" : "timer1", "Tipo" : "SistemEvt", "title" : "When the time configured in the timer1 was established", "returnInfo" : { "type" : "", "tooltip" : "Nothing" }, "parameters" : [], "instancia" : "{\"NombreWorkBox\": \"Event.TIMER.timer1\",\"definir\":\"event_etOut1_active\",\"parametros\": []}", "driverName" : "TIMER", "location" : "C:\\Users\\RFI\\Dropbox\\___RFI Project\\Firm\\Developments\\mariano.hunkeler@rfindustrial.com\\DEV\\DINA\\_api\\Timer" }, { "Nombre" : "etOut2", "NombreToolBox" : "timer2", "Tipo" : "SistemEvt", "title" : "When the time configured in the timer2 was established", "returnInfo" : { "type" : "", "tooltip" : "Nothing" }, "parameters" : [], "instancia" : "{\"NombreWorkBox\": \"Event.TIMER.timer2\",\"definir\":\"event_etOut2_active\",\"parametros\": []}", "driverName" : "TIMER", "location" : "C:\\Users\\RFI\\Dropbox\\___RFI Project\\Firm\\Developments\\mariano.hunkeler@rfindustrial.com\\DEV\\DINA\\_api\\Timer" }, { "Nombre" : "etOut3", "NombreToolBox" : "timer3", "Tipo" : "SistemEvt", "title" : "When the time configured in the timer3 was established", "returnInfo" : { "type" : "", "tooltip" : "Nothing" }, "parameters" : [], "instancia" : "{\"NombreWorkBox\": \"Event.TIMER.timer3\",\"definir\":\"event_etOut3_active\",\"parametros\": []}", "driverName" : "TIMER", "location" : "C:\\Users\\RFI\\Dropbox\\___RFI Project\\Firm\\Developments\\mariano.hunkeler@rfindustrial.com\\DEV\\DINA\\_api\\Timer" }, { "Nombre" : "etOut4", "NombreToolBox" : "timer4", "Tipo" : "SistemEvt", "title" : "When the time configured in the timer4 was established", "returnInfo" : { "type" : "", "tooltip" : "Nothing" }, "parameters" : [], "instancia" : "{\"NombreWorkBox\": \"Event.TIMER.timer4\",\"definir\":\"event_etOut4_active\",\"parametros\": []}", "driverName" : "TIMER", "location" : "C:\\Users\\RFI\\Dropbox\\___RFI Project\\Firm\\Developments\\mariano.hunkeler@rfindustrial.com\\DEV\\DINA\\_api\\Timer" }, { "Nombre" : "etOut5", "NombreToolBox" : "timer5", "Tipo" : "SistemEvt", "title" : "When the time configured in the timer5 was established", "returnInfo" : { "type" : "", "tooltip" : "Nothing" }, "parameters" : [], "instancia" : "{\"NombreWorkBox\": \"Event.TIMER.timer5\",\"definir\":\"event_etOut5_active\",\"parametros\": []}", "driverName" : "TIMER", "location" : "C:\\Users\\RFI\\Dropbox\\___RFI Project\\Firm\\Developments\\mariano.hunkeler@rfindustrial.com\\DEV\\DINA\\_api\\Timer" }, { "Nombre" : "etOut6", "NombreToolBox" : "timer6", "Tipo" : "SistemEvt", "title" : "When the time configured in the timer6 was established", "returnInfo" : { "type" : "", "tooltip" : "Nothing" }, "parameters" : [], "instancia" : "{\"NombreWorkBox\": \"Event.TIMER.timer6\",\"definir\":\"event_etOut6_active\",\"parametros\": []}", "driverName" : "TIMER", "location" : "C:\\Users\\RFI\\Dropbox\\___RFI Project\\Firm\\Developments\\mariano.hunkeler@rfindustrial.com\\DEV\\DINA\\_api\\Timer" }], "ModulosN" : ["setTime1", "setTime2", "setTime3", "setTime4", "setTime5", "setTime6", "etOut1", "etOut2", "etOut3", "etOut4", "etOut5", "etOut6"] }, { "ColectionName" : null, "BaseDirectory" : null, "Path" : null, "Archivo" : null, "driverName" : "CARTA", "TexEmergent" : null, "ConfigTags" : null, "Modulos" : [{ "Nombre" : "detectarCiclo", "NombreToolBox" : "detectarCiclo", "title" : "guarda, filtra y detecta el un ciclo de bombeo.", "location" : "C:\\Users\\RFI\\Dropbox\\___RFI Project\\Firm\\Developments\\mariano.hunkeler@rfindustrial.com\\DEV\\DINA\\_api\\Dyna", "driverName" : "CARTA", "returnInfo" : { "type" : "uint8_t", "tooltip" : "0 si no es detectado, 1 si el ciclo es detectado, 2 si se desborsa el buffer." }, "Tipo" : "SistemFnc", "parameters" : [{ "name" : "aceleracion", "type" : "uint16_t", "tooltip" : " aceleracion" }, { "name" : "fuerza", "type" : "uint16_t", "tooltip" : " fuerza" }], "InnerHTML" : "<div type='uint8_t'  class='lineaDeCodigo' originalclass='funcion' originalid='detectarCiclo' definir='use_detectarCiclo_function' draggable='true' ondragstart='drag_linea(event)'>CARTA.detectarCiclo(<div type='uint16_t' title=' aceleracion' class='parametroDiv'></div>,<div type='uint16_t' title=' fuerza' class='parametroDiv'></div>)</div>" }, { "Nombre" : "resample", "NombreToolBox" : "resample", "title" : "Remuestreo matematico.", "location" : "C:\\Users\\RFI\\Dropbox\\___RFI Project\\Firm\\Developments\\mariano.hunkeler@rfindustrial.com\\DEV\\DINA\\_api\\Dyna", "driverName" : "CARTA", "returnInfo" : { "type" : "void", "tooltip" : "nada" }, "Tipo" : "SistemFnc", "parameters" : [], "InnerHTML" : "<div type='void'  class='lineaDeCodigo' originalclass='funcion' originalid='resample' definir='use_resample_function' draggable='true' ondragstart='drag_linea(event)'>CARTA.resample()</div>" }, { "Nombre" : "initDetector", "NombreToolBox" : "initDetector", "title" : "inializa detector de ciclo.", "location" : "C:\\Users\\RFI\\Dropbox\\___RFI Project\\Firm\\Developments\\mariano.hunkeler@rfindustrial.com\\DEV\\DINA\\_api\\Dyna", "driverName" : "CARTA", "returnInfo" : { "type" : "void", "tooltip" : "nada" }, "Tipo" : "SistemFnc", "parameters" : [], "InnerHTML" : "<div type='void'  class='lineaDeCodigo' originalclass='funcion' originalid='initDetector' definir='use_initDetector_function' draggable='true' ondragstart='drag_linea(event)'>CARTA.initDetector()</div>" }], "ModulosN" : ["detectarCiclo", "resample", "initDetector"] }, { "ColectionName" : null, "BaseDirectory" : null, "Path" : null, "Archivo" : null, "driverName" : "ACCELEROMETER", "TexEmergent" : null, "ConfigTags" : null, "Modulos" : [{ "Nombre" : "Data_Ready", "NombreToolBox" : "Measure_Ready", "title" : "Se activa al tener una lectura lista", "location" : "C:\\Users\\RFI\\Dropbox\\___RFI Project\\Firm\\Developments\\mariano.hunkeler@rfindustrial.com\\DEV\\DINA\\_drivers\\Sensors\\Accelerometer\\BMA400", "driverName" : "ACCELEROMETER", "returnInfo" : { "type" : "void", "tooltip" : "Nothing" }, "Tipo" : "SistemEvt", "instancia" : "{\"NombreWorkBox\" : \"Event.ACCELEROMETER.Measure_Ready\",\"definir\" : \"event_Data_Ready_active\",\"parametros\" :[{\"type\":\"int16_t*\",\"value\":\"Acc_X\",\"title\":\" X Acceleration Measure\"},{\"type\":\"int16_t*\",\"value\":\"Acc_Y\",\"title\":\" Y Acceleration Measure\"},{\"type\":\"int16_t*\",\"value\":\"Acc_Z\",\"title\":\" Z Acceleration Measure\"}]}" }], "ModulosN" : ["Data_Ready"] }, { "ColectionName" : null, "BaseDirectory" : null, "Path" : null, "Archivo" : null, "driverName" : "ACCELEROMETER", "TexEmergent" : null, "ConfigTags" : null, "Modulos" : [{ "Nombre" : "Data_X", "Tipo" : "SistemVar", "type" : "int16_t*", "TextEmergent" : "X axis acceleration.", "modicators" : "", "driverName" : "ACCELEROMETER", "location" : "C:\\Users\\RFI\\Dropbox\\___RFI Project\\Firm\\Developments\\mariano.hunkeler@rfindustrial.com\\DEV\\DINA\\_api\\Sensors\\Accelerometer\\inc", "title" : "no definido" }, { "Nombre" : "Data_Y", "Tipo" : "SistemVar", "type" : "int16_t*", "TextEmergent" : "Y axis acceleration.", "modicators" : "", "driverName" : "ACCELEROMETER", "location" : "C:\\Users\\RFI\\Dropbox\\___RFI Project\\Firm\\Developments\\mariano.hunkeler@rfindustrial.com\\DEV\\DINA\\_api\\Sensors\\Accelerometer\\inc", "title" : "no definido" }, { "Nombre" : "Data_Z", "Tipo" : "SistemVar", "type" : "int16_t*", "TextEmergent" : "Z axis acceleration.", "modicators" : "", "driverName" : "ACCELEROMETER", "location" : "C:\\Users\\RFI\\Dropbox\\___RFI Project\\Firm\\Developments\\mariano.hunkeler@rfindustrial.com\\DEV\\DINA\\_api\\Sensors\\Accelerometer\\inc", "title" : "no definido" }, { "Nombre" : "Temperature", "Tipo" : "SistemVar", "type" : "float*", "TextEmergent" : "Temperature measured by accelerometer.", "modicators" : "", "driverName" : "ACCELEROMETER", "location" : "C:\\Users\\RFI\\Dropbox\\___RFI Project\\Firm\\Developments\\mariano.hunkeler@rfindustrial.com\\DEV\\DINA\\_api\\Sensors\\Accelerometer\\inc", "title" : "no definido" }], "ModulosN" : ["Data_X", "Data_Y", "Data_Z", "Temperature"] }, { "ColectionName" : null, "BaseDirectory" : null, "Path" : null, "Archivo" : null, "driverName" : "ACCELEROMETER", "TexEmergent" : null, "ConfigTags" : null, "Modulos" : [{ "Nombre" : "eAccReady", "NombreToolBox" : "DataReady", "title" : "When an alarm occurs", "location" : "C:\\Users\\RFI\\Dropbox\\___RFI Project\\Firm\\Developments\\mariano.hunkeler@rfindustrial.com\\DEV\\DINA\\_api\\Sensors\\Accelerometer", "driverName" : "ACCELEROMETER", "returnInfo" : { "type" : "void", "tooltip" : "Nothing" }, "Tipo" : "SistemEvt", "instancia" : "{\"NombreWorkBox\" : \"Event.ACCELEROMETER.DataReady\",\"definir\" : \"event_eAccReady_active\",\"parametros\" :[{\"type\":\"int16_t\",\"value\":\"AccX\",\"title\":\" Acceleration on X axes\"},{\"type\":\"int16_t\",\"value\":\"AccY\",\"title\":\" Acceleration on Y axes\"},{\"type\":\"int16_t\",\"value\":\"AccZ\",\"title\":\" Acceleration on Z axes\"}]}" }, { "Nombre" : "AccPower", "NombreToolBox" : "Power", "title" : "When an alarm occurs", "location" : "C:\\Users\\RFI\\Dropbox\\___RFI Project\\Firm\\Developments\\mariano.hunkeler@rfindustrial.com\\DEV\\DINA\\_api\\Sensors\\Accelerometer", "driverName" : "ACCELEROMETER", "returnInfo" : { "type" : "void", "tooltip" : "Nothing" }, "Tipo" : "SistemFnc", "parameters" : [{ "name" : "on_off", "type" : "int8_t", "tooltip" : " 0:Accelerometer power off, 1:Accelerometer power on" }], "InnerHTML" : "<div type='void'  class='lineaDeCodigo' originalclass='funcion' originalid='AccPower' definir='use_AccPower_function' draggable='true' ondragstart='drag_linea(event)'>ACCELEROMETER.Power(<div type='int8_t' title=' 0:Accelerometer power off, 1:Accelerometer power on' class='parametroDiv'></div>)</div>" }], "ModulosN" : ["eAccReady", "AccPower"] }, { "ColectionName" : null, "BaseDirectory" : null, "Path" : null, "Archivo" : null, "driverName" : "FORCE", "TexEmergent" : null, "ConfigTags" : null, "Modulos" : [{ "Nombre" : "getForce", "NombreToolBox" : "Force", "title" : "get force value", "location" : "C:\\Users\\RFI\\Dropbox\\___RFI Project\\Firm\\Developments\\mariano.hunkeler@rfindustrial.com\\DEV\\DINA\\_api\\DataSource\\Force", "driverName" : "FORCE", "returnInfo" : { "type" : "uint16_t", "tooltip" : "ADC value" }, "Tipo" : "SistemFnc", "parameters" : [], "InnerHTML" : "<div type='uint16_t'  class='lineaDeCodigo' originalclass='funcion' originalid='getForce' definir='use_getForce_function' draggable='true' ondragstart='drag_linea(event)'>FORCE.Force()</div>" }, { "Nombre" : "ApiForce_OFF", "NombreToolBox" : "Force Shutdown", "title" : "Shutdown force sensor", "location" : "C:\\Users\\RFI\\Dropbox\\___RFI Project\\Firm\\Developments\\mariano.hunkeler@rfindustrial.com\\DEV\\DINA\\_api\\DataSource\\Force", "driverName" : "FORCE", "returnInfo" : { "type" : "void", "tooltip" : "nothing" }, "Tipo" : "SistemFnc", "parameters" : [], "InnerHTML" : "<div type='void'  class='lineaDeCodigo' originalclass='funcion' originalid='ApiForce_OFF' definir='use_ApiForce_OFF_function' draggable='true' ondragstart='drag_linea(event)'>FORCE.Force Shutdown()</div>" }], "ModulosN" : ["getForce", "ApiForce_OFF"] }, { "ColectionName" : null, "BaseDirectory" : null, "Path" : null, "Archivo" : null, "driverName" : "Radio", "TexEmergent" : null, "ConfigTags" : null, "Modulos" : [{ "Nombre" : "eFSKM", "NombreToolBox" : "Message Reception", "title" : "When it receives a string through the FSK radio", "location" : "C:\\Users\\RFI\\Dropbox\\___RFI Project\\Firm\\Developments\\mariano.hunkeler@rfindustrial.com\\DEV\\DINA\\_api\\Wireless_Communication\\Radio_FSK", "driverName" : "Radio", "returnInfo" : { "type" : "void", "tooltip" : "Nothing" }, "Tipo" : "SistemEvt", "instancia" : "{\"NombreWorkBox\" : \"Event.Radio.Message Reception\",\"definir\" : \"event_eFSKM_active\",\"parametros\" :[{\"type\":\"char*\",\"value\":\"message\",\"title\":\" message payload\"}]}" }, { "Nombre" : "eFSKD", "NombreToolBox" : "Chart Reception", "title" : "When it receives a chart through the FSK radio", "location" : "C:\\Users\\RFI\\Dropbox\\___RFI Project\\Firm\\Developments\\mariano.hunkeler@rfindustrial.com\\DEV\\DINA\\_api\\Wireless_Communication\\Radio_FSK", "driverName" : "Radio", "returnInfo" : { "type" : "void", "tooltip" : "Nothing" }, "Tipo" : "SistemEvt", "instancia" : "{\"NombreWorkBox\" : \"Event.Radio.Chart Reception\",\"definir\" : \"event_eFSKD_active\",\"parametros\" :[]}" }, { "Nombre" : "pFSKM", "NombreToolBox" : "Send message", "title" : "Sends message through fsk radio", "location" : "C:\\Users\\RFI\\Dropbox\\___RFI Project\\Firm\\Developments\\mariano.hunkeler@rfindustrial.com\\DEV\\DINA\\_api\\Wireless_Communication\\Radio_FSK", "driverName" : "Radio", "returnInfo" : { "type" : "void", "tooltip" : "Nothing" }, "Tipo" : "SistemFnc", "parameters" : [{ "name" : "message", "type" : "char*", "tooltip" : " message payload" }], "InnerHTML" : "<div type='void'  class='lineaDeCodigo' originalclass='funcion' originalid='pFSKM' definir='use_pFSKM_function' draggable='true' ondragstart='drag_linea(event)'>Radio.Send message(<div type='char*' title=' message payload' class='parametroDiv'></div>)</div>" }, { "Nombre" : "pFSKD", "NombreToolBox" : "Send chart", "title" : "Sends charts through fsk radio", "location" : "C:\\Users\\RFI\\Dropbox\\___RFI Project\\Firm\\Developments\\mariano.hunkeler@rfindustrial.com\\DEV\\DINA\\_api\\Wireless_Communication\\Radio_FSK", "driverName" : "Radio", "returnInfo" : { "type" : "void", "tooltip" : "Nothing" }, "Tipo" : "SistemFnc", "parameters" : [], "InnerHTML" : "<div type='void'  class='lineaDeCodigo' originalclass='funcion' originalid='pFSKD' definir='use_pFSKD_function' draggable='true' ondragstart='drag_linea(event)'>Radio.Send chart()</div>" }, { "Nombre" : "RadioSleep", "NombreToolBox" : "Sleep", "title" : "Puts the radio module to sleep", "location" : "C:\\Users\\RFI\\Dropbox\\___RFI Project\\Firm\\Developments\\mariano.hunkeler@rfindustrial.com\\DEV\\DINA\\_api\\Wireless_Communication\\Radio_FSK", "driverName" : "Radio", "returnInfo" : { "type" : "void", "tooltip" : "Nothing" }, "Tipo" : "SistemFnc", "parameters" : [], "InnerHTML" : "<div type='void'  class='lineaDeCodigo' originalclass='funcion' originalid='RadioSleep' definir='use_RadioSleep_function' draggable='true' ondragstart='drag_linea(event)'>Radio.Sleep()</div>" }, { "Nombre" : "RadioWakeUp", "NombreToolBox" : "WakeUp", "title" : "Puts the radio module to wakeup", "location" : "C:\\Users\\RFI\\Dropbox\\___RFI Project\\Firm\\Developments\\mariano.hunkeler@rfindustrial.com\\DEV\\DINA\\_api\\Wireless_Communication\\Radio_FSK", "driverName" : "Radio", "returnInfo" : { "type" : "void", "tooltip" : "Nothing" }, "Tipo" : "SistemFnc", "parameters" : [], "InnerHTML" : "<div type='void'  class='lineaDeCodigo' originalclass='funcion' originalid='RadioWakeUp' definir='use_RadioWakeUp_function' draggable='true' ondragstart='drag_linea(event)'>Radio.WakeUp()</div>" }, { "Nombre" : "errorFSK", "NombreToolBox" : "Error", "title" : "When it cannot send a chart", "location" : "C:\\Users\\RFI\\Dropbox\\___RFI Project\\Firm\\Developments\\mariano.hunkeler@rfindustrial.com\\DEV\\DINA\\_api\\Wireless_Communication\\Radio_FSK", "driverName" : "Radio", "returnInfo" : { "type" : "void", "tooltip" : "Nothing" }, "Tipo" : "SistemEvt", "instancia" : "{\"NombreWorkBox\" : \"Event.Radio.Error\",\"definir\" : \"event_errorFSK_active\",\"parametros\" :[]}" }, { "Nombre" : "wakeupFSK", "NombreToolBox" : "WakeUpSuccess", "title" : "When the radio module actually wakes up", "location" : "C:\\Users\\RFI\\Dropbox\\___RFI Project\\Firm\\Developments\\mariano.hunkeler@rfindustrial.com\\DEV\\DINA\\_api\\Wireless_Communication\\Radio_FSK", "driverName" : "Radio", "returnInfo" : { "type" : "void", "tooltip" : "Nothing" }, "Tipo" : "SistemEvt", "instancia" : "{\"NombreWorkBox\" : \"Event.Radio.WakeUpSuccess\",\"definir\" : \"event_wakeupFSK_active\",\"parametros\" :[]}" }, { "Nombre" : "sleepFSK", "NombreToolBox" : "SleepSuccess", "title" : "When the radio module really fell asleep", "location" : "C:\\Users\\RFI\\Dropbox\\___RFI Project\\Firm\\Developments\\mariano.hunkeler@rfindustrial.com\\DEV\\DINA\\_api\\Wireless_Communication\\Radio_FSK", "driverName" : "Radio", "returnInfo" : { "type" : "void", "tooltip" : "Nothing" }, "Tipo" : "SistemEvt", "instancia" : "{\"NombreWorkBox\" : \"Event.Radio.SleepSuccess\",\"definir\" : \"event_sleepFSK_active\",\"parametros\" :[]}" }], "ModulosN" : ["eFSKM", "eFSKD", "pFSKM", "pFSKD", "RadioSleep", "RadioWakeUp", "errorFSK", "wakeupFSK", "sleepFSK"] }, { "ColectionName" : null, "BaseDirectory" : null, "Path" : null, "Archivo" : null, "driverName" : "POWER_SAVE", "TexEmergent" : null, "ConfigTags" : null, "Modulos" : [{ "Nombre" : "powerSave", "NombreToolBox" : "powerSave", "Tipo" : "SistemFnc", "title" : "pone al sistema en modo ahorro de energia por un tiempo dado (en segundos) o hasta la llegada de un evento externo", "returnInfo" : { "type" : "", "tooltip" : "" }, "parameters" : [], "InnerHTML" : "<div type='void' class='lineaDeCodigo' definir='use_powersave_function' originalclass='funcion' originalid='powerSave' draggable='true' ondragstart='drag_linea(event)'>system.powerSave(Tiempo:<div type='uint16_t' class='parametroDiv'></div> x 67.65 seg.)</div>", "driverName" : "POWER_SAVE", "location" : "C:\\Users\\RFI\\Dropbox\\___RFI Project\\Firm\\Developments\\mariano.hunkeler@rfindustrial.com\\DEV\\DINA\\_api\\Power_Management" }, { "Nombre" : "deepSleep", "NombreToolBox" : "deepSleep", "title" : "pone al sistema en modo sueÃ±o profundo por 18 minutos o hasta la llegada de un evento externo", "location" : "C:\\Users\\RFI\\Dropbox\\___RFI Project\\Firm\\Developments\\mariano.hunkeler@rfindustrial.com\\DEV\\DINA\\_api\\Power_Management", "driverName" : "POWER_SAVE", "returnInfo" : { "type" : "void", "tooltip" : "Nothing" }, "Tipo" : "SistemFnc", "parameters" : [], "InnerHTML" : "<div type='void'  class='lineaDeCodigo' originalclass='funcion' originalid='deepSleep' definir='use_deepSleep_function' draggable='true' ondragstart='drag_linea(event)'>POWER_SAVE.deepSleep()</div>" }, { "Nombre" : "eWUpRWDT", "NombreToolBox" : "wakeUp", "title" : "When the module is wake up", "location" : "C:\\Users\\RFI\\Dropbox\\___RFI Project\\Firm\\Developments\\mariano.hunkeler@rfindustrial.com\\DEV\\DINA\\_api\\Power_Management", "driverName" : "POWER_SAVE", "returnInfo" : { "type" : "void", "tooltip" : "Nothing" }, "Tipo" : "SistemEvt", "instancia" : "{\"NombreWorkBox\" : \"Event.POWER_SAVE.wakeUp\",\"definir\" : \"event_eWUpRWDT_active\",\"parametros\" :[{\"type\":\"uint16_t\",\"value\":\"timeLeft\",\"title\":\" tiempo restante\"}]}" }], "ModulosN" : ["powerSave", "deepSleep", "eWUpRWDT"] }, { "ColectionName" : null, "BaseDirectory" : null, "Path" : null, "Archivo" : null, "driverName" : "SYSTEM", "TexEmergent" : null, "ConfigTags" : null, "Modulos" : [{ "Nombre" : "onReset", "NombreToolBox" : "onReset", "Tipo" : "SistemEvt", "title" : "When the module and all its functions are ready", "ReturnInfo" : { "type" : "", "tooltip" : "nothing" }, "parameters" : [], "instancia" : "{\"NombreWorkBox\": \"Event.SYSTEM.onReset\",\"definir\":\"event_onReset_active\",\"parametros\": []}", "driverName" : "SYSTEM", "location" : "C:\\Users\\RFI\\Dropbox\\___RFI Project\\Firm\\Developments\\mariano.hunkeler@rfindustrial.com\\DEV\\DINA\\_main\\baremetal" }, { "Nombre" : "preReset", "NombreToolBox" : "preReset", "title" : "before initializing the drivers, recommended for initializing system variables.", "location" : "C:\\Users\\RFI\\Dropbox\\___RFI Project\\Firm\\Developments\\mariano.hunkeler@rfindustrial.com\\DEV\\DINA\\_main\\baremetal", "driverName" : "SYSTEM", "returnInfo" : { "type" : "void", "tooltip" : "Nothing" }, "Tipo" : "SistemEvt", "instancia" : "{\"NombreWorkBox\" : \"Event.SYSTEM.preReset\",\"definir\" : \"event_preReset_active\",\"parametros\" :[]}" }], "ModulosN" : ["onReset", "preReset"] }]