<ModuleInfo><Id><Timestamp>-1690908416</Timestamp><Machine>127</Machine><Pid>-1280</Pid><Increment>0</Increment><CreationTime>2052-07-08T13:41:20.000Z</CreationTime></Id><location /><miReferencia><PcbName>DinaAIB_FA_V2</PcbName><ModuleName>Dina_2</ModuleName></miReferencia><elementCollections><item><ColectionName /><BaseDirectory /><Path /><Archivo /><driverName>LED</driverName><TexEmergent /><ConfigTags /><Modulos><item><Nombre>led1</Nombre><NombreToolBox>led1.State</NombreToolBox><Tipo>SistemFnc</Tipo><title>Change the state of the led, 1-on, 0-off, 2-toggle</title><FunctionReturn></FunctionReturn><FunctioNParametros></FunctioNParametros><returnInfo><type></type><tooltip>Nothing</tooltip></returnInfo><parameters><item><name>State</name><tooltip>1-on 0-off 2-toggle</tooltip><required>true</required><type>state</type></item></parameters><InnerHTML>&lt;div type='void' class='lineaDeCodigo' definir='use_LED1_function'  originalclass='funcion' originalid='led1' draggable='true' ondragstart='drag_linea(event)'&gt;Led1.State(&lt;div type='uint16_t' title='1-on 0-off 2-toggle' class='parametroDiv'&gt;&lt;/div&gt;)&lt;/div&gt;</InnerHTML><driverName>LED</driverName><location>C:\Users\RFI\Dropbox\___RFI Project\Firm\Developments\mariano.hunkeler@rfindustrial.com\DEV\DINA\_api\Indicators\LEDs</location></item><item><Nombre>blkLed1</Nombre><NombreToolBox>led1.blink</NombreToolBox><Tipo>SistemFnc</Tipo><title>blink led1</title><FunctionReturn></FunctionReturn><FunctioNParametros></FunctioNParametros><returnInfo><type></type><tooltip>Nothing</tooltip></returnInfo><parameters><item><name>timeOn</name><tooltip>1-on, 0-off, 2-toggle</tooltip><required>true</required><type>uint16_t</type></item><item><name>period</name><tooltip></tooltip><required>true</required><type>uint16_t</type></item><item><name>times</name><tooltip></tooltip><required></required><type>uint16_t</type></item></parameters><InnerHTML>&lt;div type='void' class='lineaDeCodigo' definir='use_blkLed1_function use_pullLeds_function'  originalclass='funcion' originalid='blkLed1' draggable='true' ondragstart='drag_linea(event)' &gt;Led1.blink(&lt;div title='time on (ms)' class='parametroDiv' type='uint16_t'&gt;&lt;/div&gt;,&lt;div title='period (ms)' class='parametroDiv' type='uint16_t'&gt;&lt;/div&gt; ,&lt;div title='times' class='parametroDiv' type='uint16_t'&gt;&lt;/div&gt;)&lt;/div&gt;</InnerHTML><driverName>LED</driverName><location>C:\Users\RFI\Dropbox\___RFI Project\Firm\Developments\mariano.hunkeler@rfindustrial.com\DEV\DINA\_api\Indicators\LEDs</location></item><item><Nombre>led2</Nombre><NombreToolBox>led2.State</NombreToolBox><Tipo>SistemFnc</Tipo><title>Change the state of the led, 1-on, 0-off, 2-toggle</title><FunctionReturn></FunctionReturn><FunctioNParametros></FunctioNParametros><returnInfo><type></type><tooltip>Nothing</tooltip></returnInfo><parameters><item><name>State</name><tooltip>1-on, 0-off, 2-toggle</tooltip><required>true</required><type>state</type></item></parameters><InnerHTML>&lt;div type='void' class='lineaDeCodigo' definir='use_LED2_function'  originalclass='funcion' originalid='led2' draggable='true' ondragstart='drag_linea(event)'&gt;Led2.State(&lt;div type='uint16_t' title='1-on, 0-off, 2-toggle' class='parametroDiv'&gt;&lt;/div&gt;)&lt;/div&gt;</InnerHTML><driverName>LED</driverName><location>C:\Users\RFI\Dropbox\___RFI Project\Firm\Developments\mariano.hunkeler@rfindustrial.com\DEV\DINA\_api\Indicators\LEDs</location></item><item><Nombre>blkLed2</Nombre><NombreToolBox>led2.blink</NombreToolBox><Tipo>SistemFnc</Tipo><title>blink led2</title><FunctionReturn></FunctionReturn><FunctioNParametros></FunctioNParametros><returnInfo><type></type><tooltip>Nothing</tooltip></returnInfo><parameters><item><name>timeOn</name><tooltip>1-on, 0-off, 2-toggle</tooltip><required>true</required><type>uint16_t</type></item><item><name>period</name><tooltip></tooltip><required>true</required><type>uint16_t</type></item><item><name>times</name><tooltip></tooltip><required></required><type>uint16_t</type></item></parameters><InnerHTML>&lt;div type='void' class='lineaDeCodigo' definir='use_blkLed2_function use_pullLeds_function'  originalclass='funcion' originalid='blkLed2' draggable='true' ondragstart='drag_linea(event)' incluir='_hard/Timer/inc/timer.h'&gt;Led2.blink(&lt;div title='time on (ms)' class='parametroDiv' type='uint16_t'&gt;&lt;/div&gt;,&lt;div title='period (ms)' class='parametroDiv' type='uint16_t'&gt;&lt;/div&gt; ,&lt;div title='times' class='parametroDiv' type='uint16_t'&gt;&lt;/div&gt;)&lt;/div&gt;</InnerHTML><driverName>LED</driverName><location>C:\Users\RFI\Dropbox\___RFI Project\Firm\Developments\mariano.hunkeler@rfindustrial.com\DEV\DINA\_api\Indicators\LEDs</location></item></Modulos><ModulosN><item>led1</item><item>blkLed1</item><item>led2</item><item>blkLed2</item></ModulosN></item><item><ColectionName /><BaseDirectory /><Path /><Archivo /><driverName>TIMER</driverName><TexEmergent /><ConfigTags /><Modulos><item><Nombre>setTime1</Nombre><NombreToolBox>setTimeOut1</NombreToolBox><Tipo>SistemFnc</Tipo><title>Time in milliseconds for the event to be generated</title><returnInfo><type></type><tooltip>Nothing</tooltip></returnInfo><parameters><item><name>time</name><tooltip>Time in milliseconds</tooltip><required>true</required><type>int</type></item><item><name>mode timer</name><tooltip>select timer mode</tooltip><required>true</required><type>char</type></item></parameters><InnerHTML>&lt;div type='void' class='lineaDeCodigo' definir='use_setTime1_function'  originalclass='funcion' originalid='setTime1' draggable='true' ondragstart='drag_linea(event)'&gt;TIMER.setTimeOut1(&lt;div type='uint32_t' title='Time in milliseconds' class='parametroDiv'&gt;&lt;/div&gt;,&lt;div type='char' title='T:timer, A:auto-reload' class='parametroDiv'&gt;&lt;/div&gt;)&lt;/div&gt;</InnerHTML><driverName>TIMER</driverName><location>C:\Users\RFI\Dropbox\___RFI Project\Firm\Developments\mariano.hunkeler@rfindustrial.com\DEV\DINA\_api\Timer</location></item><item><Nombre>setTime2</Nombre><NombreToolBox>setTimeOut2</NombreToolBox><Tipo>SistemFnc</Tipo><title>Time in milliseconds for the event to be generated</title><returnInfo><type></type><tooltip>Nothing</tooltip></returnInfo><parameters><item><name>time</name><tooltip>Time in milliseconds</tooltip><required>true</required><type>int</type></item><item><name>mode timer</name><tooltip>select timer mode</tooltip><required>true</required><type>char</type></item></parameters><InnerHTML>&lt;div type='void' class='lineaDeCodigo' definir='use_setTime2_function'  originalclass='funcion' originalid='setTime2' draggable='true' ondragstart='drag_linea(event)'&gt;TIMER.setTimeOut2(&lt;div type='uint32_t' title='Time in milliseconds' class='parametroDiv'&gt;&lt;/div&gt;,&lt;div type='char' title='T:timer, A:auto-reload' class='parametroDiv'&gt;&lt;/div&gt;)&lt;/div&gt;</InnerHTML><driverName>TIMER</driverName><location>C:\Users\RFI\Dropbox\___RFI Project\Firm\Developments\mariano.hunkeler@rfindustrial.com\DEV\DINA\_api\Timer</location></item><item><Nombre>setTime3</Nombre><NombreToolBox>setTimeOut3</NombreToolBox><Tipo>SistemFnc</Tipo><title>Time in milliseconds for the event to be generated</title><returnInfo><type></type><tooltip>Nothing</tooltip></returnInfo><parameters><item><name>time</name><tooltip>Time in milliseconds</tooltip><required>true</required><type>int</type></item><item><name>mode timer</name><tooltip>select timer mode</tooltip><required>true</required><type>char</type></item></parameters><InnerHTML>&lt;div type='void' class='lineaDeCodigo' definir='use_setTime3_function'  originalclass='funcion' originalid='setTime3' draggable='true' ondragstart='drag_linea(event)'&gt;TIMER.setTimeOut3(&lt;div type='uint32_t' title='Time in milliseconds' class='parametroDiv'&gt;&lt;/div&gt;,&lt;div type='char' title='T:timer, A:auto-reload' class='parametroDiv'&gt;&lt;/div&gt;)&lt;/div&gt;</InnerHTML><driverName>TIMER</driverName><location>C:\Users\RFI\Dropbox\___RFI Project\Firm\Developments\mariano.hunkeler@rfindustrial.com\DEV\DINA\_api\Timer</location></item><item><Nombre>setTime4</Nombre><NombreToolBox>setTimeOut4</NombreToolBox><Tipo>SistemFnc</Tipo><title>Time in milliseconds for the event to be generated</title><returnInfo><type></type><tooltip>Nothing</tooltip></returnInfo><parameters><item><name>time</name><tooltip>Time in milliseconds</tooltip><required>true</required><type>int</type></item><item><name>mode timer</name><tooltip>select timer mode</tooltip><required>true</required><type>char</type></item></parameters><InnerHTML>&lt;div type='void' class='lineaDeCodigo' definir='use_setTime4_function'  originalclass='funcion' originalid='setTime4' draggable='true' ondragstart='drag_linea(event)'&gt;TIMER.setTimeOut4(&lt;div type='uint32_t' title='Time in milliseconds' class='parametroDiv'&gt;&lt;/div&gt;,&lt;div type='char' title='T:timer, A:auto-reload' class='parametroDiv'&gt;&lt;/div&gt;)&lt;/div&gt;</InnerHTML><driverName>TIMER</driverName><location>C:\Users\RFI\Dropbox\___RFI Project\Firm\Developments\mariano.hunkeler@rfindustrial.com\DEV\DINA\_api\Timer</location></item><item><Nombre>setTime5</Nombre><NombreToolBox>setTimeOut5</NombreToolBox><Tipo>SistemFnc</Tipo><title>Time in milliseconds for the event to be generated</title><returnInfo><type></type><tooltip>Nothing</tooltip></returnInfo><parameters><item><name>time</name><tooltip>Time in milliseconds</tooltip><required>true</required><type>int</type></item><item><name>mode timer</name><tooltip>select timer mode</tooltip><required>true</required><type>char</type></item></parameters><InnerHTML>&lt;div type='void' class='lineaDeCodigo' definir='use_setTime5_function'  originalclass='funcion' originalid='setTime5' draggable='true' ondragstart='drag_linea(event)'&gt;TIMER.setTimeOut5(&lt;div type='uint32_t' title='Time in milliseconds' class='parametroDiv'&gt;&lt;/div&gt;,&lt;div type='char' title='T:timer, A:auto-reload' class='parametroDiv'&gt;&lt;/div&gt;)&lt;/div&gt;</InnerHTML><driverName>TIMER</driverName><location>C:\Users\RFI\Dropbox\___RFI Project\Firm\Developments\mariano.hunkeler@rfindustrial.com\DEV\DINA\_api\Timer</location></item><item><Nombre>setTime6</Nombre><NombreToolBox>setTimeOut6</NombreToolBox><Tipo>SistemFnc</Tipo><title>Time in milliseconds for the event to be generated</title><returnInfo><type></type><tooltip>Nothing</tooltip></returnInfo><parameters><item><name>time</name><tooltip>Time in milliseconds</tooltip><required>true</required><type>int</type></item><item><name>mode timer</name><tooltip>select timer mode</tooltip><required>true</required><type>char</type></item></parameters><InnerHTML>&lt;div type='void' class='lineaDeCodigo' definir='use_setTime6_function'  originalclass='funcion' originalid='setTime6' draggable='true' ondragstart='drag_linea(event)'&gt;TIMER.setTimeOut6(&lt;div type='uint32_t' title='Time in milliseconds' class='parametroDiv'&gt;&lt;/div&gt;,&lt;div type='char' title='T:timer, A:auto-reload' class='parametroDiv'&gt;&lt;/div&gt;)&lt;/div&gt;</InnerHTML><driverName>TIMER</driverName><location>C:\Users\RFI\Dropbox\___RFI Project\Firm\Developments\mariano.hunkeler@rfindustrial.com\DEV\DINA\_api\Timer</location></item><item><Nombre>etOut1</Nombre><NombreToolBox>timer1</NombreToolBox><Tipo>SistemEvt</Tipo><title>When the time configured in the timer1 was established</title><returnInfo><type></type><tooltip>Nothing</tooltip></returnInfo><parameters /><instancia>{"NombreWorkBox": "Event.TIMER.timer1","definir":"event_etOut1_active","parametros": []}</instancia><driverName>TIMER</driverName><location>C:\Users\RFI\Dropbox\___RFI Project\Firm\Developments\mariano.hunkeler@rfindustrial.com\DEV\DINA\_api\Timer</location></item><item><Nombre>etOut2</Nombre><NombreToolBox>timer2</NombreToolBox><Tipo>SistemEvt</Tipo><title>When the time configured in the timer2 was established</title><returnInfo><type></type><tooltip>Nothing</tooltip></returnInfo><parameters /><instancia>{"NombreWorkBox": "Event.TIMER.timer2","definir":"event_etOut2_active","parametros": []}</instancia><driverName>TIMER</driverName><location>C:\Users\RFI\Dropbox\___RFI Project\Firm\Developments\mariano.hunkeler@rfindustrial.com\DEV\DINA\_api\Timer</location></item><item><Nombre>etOut3</Nombre><NombreToolBox>timer3</NombreToolBox><Tipo>SistemEvt</Tipo><title>When the time configured in the timer3 was established</title><returnInfo><type></type><tooltip>Nothing</tooltip></returnInfo><parameters /><instancia>{"NombreWorkBox": "Event.TIMER.timer3","definir":"event_etOut3_active","parametros": []}</instancia><driverName>TIMER</driverName><location>C:\Users\RFI\Dropbox\___RFI Project\Firm\Developments\mariano.hunkeler@rfindustrial.com\DEV\DINA\_api\Timer</location></item><item><Nombre>etOut4</Nombre><NombreToolBox>timer4</NombreToolBox><Tipo>SistemEvt</Tipo><title>When the time configured in the timer4 was established</title><returnInfo><type></type><tooltip>Nothing</tooltip></returnInfo><parameters /><instancia>{"NombreWorkBox": "Event.TIMER.timer4","definir":"event_etOut4_active","parametros": []}</instancia><driverName>TIMER</driverName><location>C:\Users\RFI\Dropbox\___RFI Project\Firm\Developments\mariano.hunkeler@rfindustrial.com\DEV\DINA\_api\Timer</location></item><item><Nombre>etOut5</Nombre><NombreToolBox>timer5</NombreToolBox><Tipo>SistemEvt</Tipo><title>When the time configured in the timer5 was established</title><returnInfo><type></type><tooltip>Nothing</tooltip></returnInfo><parameters /><instancia>{"NombreWorkBox": "Event.TIMER.timer5","definir":"event_etOut5_active","parametros": []}</instancia><driverName>TIMER</driverName><location>C:\Users\RFI\Dropbox\___RFI Project\Firm\Developments\mariano.hunkeler@rfindustrial.com\DEV\DINA\_api\Timer</location></item><item><Nombre>etOut6</Nombre><NombreToolBox>timer6</NombreToolBox><Tipo>SistemEvt</Tipo><title>When the time configured in the timer6 was established</title><returnInfo><type></type><tooltip>Nothing</tooltip></returnInfo><parameters /><instancia>{"NombreWorkBox": "Event.TIMER.timer6","definir":"event_etOut6_active","parametros": []}</instancia><driverName>TIMER</driverName><location>C:\Users\RFI\Dropbox\___RFI Project\Firm\Developments\mariano.hunkeler@rfindustrial.com\DEV\DINA\_api\Timer</location></item></Modulos><ModulosN><item>setTime1</item><item>setTime2</item><item>setTime3</item><item>setTime4</item><item>setTime5</item><item>setTime6</item><item>etOut1</item><item>etOut2</item><item>etOut3</item><item>etOut4</item><item>etOut5</item><item>etOut6</item></ModulosN></item><item><ColectionName /><BaseDirectory /><Path /><Archivo /><driverName>CARTA</driverName><TexEmergent /><ConfigTags /><Modulos><item><Nombre>detectarCiclo</Nombre><NombreToolBox>detectarCiclo</NombreToolBox><title>guarda, filtra y detecta el un ciclo de bombeo.</title><location>C:\Users\RFI\Dropbox\___RFI Project\Firm\Developments\mariano.hunkeler@rfindustrial.com\DEV\DINA\_api\Dyna</location><driverName>CARTA</driverName><returnInfo><type>uint8_t</type><tooltip>0 si no es detectado, 1 si el ciclo es detectado, 2 si se desborsa el buffer.</tooltip></returnInfo><Tipo>SistemFnc</Tipo><parameters><item><name>aceleracion</name><type>uint16_t</type><tooltip> aceleracion</tooltip></item><item><name>fuerza</name><type>uint16_t</type><tooltip> fuerza</tooltip></item></parameters><InnerHTML>&lt;div type='uint8_t'  class='lineaDeCodigo' originalclass='funcion' originalid='detectarCiclo' definir='use_detectarCiclo_function' draggable='true' ondragstart='drag_linea(event)'&gt;CARTA.detectarCiclo(&lt;div type='uint16_t' title=' aceleracion' class='parametroDiv'&gt;&lt;/div&gt;,&lt;div type='uint16_t' title=' fuerza' class='parametroDiv'&gt;&lt;/div&gt;)&lt;/div&gt;</InnerHTML></item><item><Nombre>resample</Nombre><NombreToolBox>resample</NombreToolBox><title>Remuestreo matematico.</title><location>C:\Users\RFI\Dropbox\___RFI Project\Firm\Developments\mariano.hunkeler@rfindustrial.com\DEV\DINA\_api\Dyna</location><driverName>CARTA</driverName><returnInfo><type>void</type><tooltip>nada</tooltip></returnInfo><Tipo>SistemFnc</Tipo><parameters /><InnerHTML>&lt;div type='void'  class='lineaDeCodigo' originalclass='funcion' originalid='resample' definir='use_resample_function' draggable='true' ondragstart='drag_linea(event)'&gt;CARTA.resample()&lt;/div&gt;</InnerHTML></item><item><Nombre>initDetector</Nombre><NombreToolBox>initDetector</NombreToolBox><title>inializa detector de ciclo.</title><location>C:\Users\RFI\Dropbox\___RFI Project\Firm\Developments\mariano.hunkeler@rfindustrial.com\DEV\DINA\_api\Dyna</location><driverName>CARTA</driverName><returnInfo><type>void</type><tooltip>nada</tooltip></returnInfo><Tipo>SistemFnc</Tipo><parameters /><InnerHTML>&lt;div type='void'  class='lineaDeCodigo' originalclass='funcion' originalid='initDetector' definir='use_initDetector_function' draggable='true' ondragstart='drag_linea(event)'&gt;CARTA.initDetector()&lt;/div&gt;</InnerHTML></item></Modulos><ModulosN><item>detectarCiclo</item><item>resample</item><item>initDetector</item></ModulosN></item><item><ColectionName /><BaseDirectory /><Path /><Archivo /><driverName>ACCELEROMETER</driverName><TexEmergent /><ConfigTags /><Modulos><item><Nombre>Data_Ready</Nombre><NombreToolBox>Measure_Ready</NombreToolBox><title>Se activa al tener una lectura lista</title><location>C:\Users\RFI\Dropbox\___RFI Project\Firm\Developments\mariano.hunkeler@rfindustrial.com\DEV\DINA\_drivers\Sensors\Accelerometer\BMA400</location><driverName>ACCELEROMETER</driverName><returnInfo><type>void</type><tooltip>Nothing</tooltip></returnInfo><Tipo>SistemEvt</Tipo><instancia>{"NombreWorkBox" : "Event.ACCELEROMETER.Measure_Ready","definir" : "event_Data_Ready_active","parametros" :[{"type":"int16_t*","value":"Acc_X","title":" X Acceleration Measure"},{"type":"int16_t*","value":"Acc_Y","title":" Y Acceleration Measure"},{"type":"int16_t*","value":"Acc_Z","title":" Z Acceleration Measure"}]}</instancia></item></Modulos><ModulosN><item>Data_Ready</item></ModulosN></item><item><ColectionName /><BaseDirectory /><Path /><Archivo /><driverName>ACCELEROMETER</driverName><TexEmergent /><ConfigTags /><Modulos><item><Nombre>Data_X</Nombre><Tipo>SistemVar</Tipo><type>int16_t*</type><TextEmergent>X axis acceleration.</TextEmergent><modicators></modicators><driverName>ACCELEROMETER</driverName><location>C:\Users\RFI\Dropbox\___RFI Project\Firm\Developments\mariano.hunkeler@rfindustrial.com\DEV\DINA\_api\Sensors\Accelerometer\inc</location><title>no definido</title></item><item><Nombre>Data_Y</Nombre><Tipo>SistemVar</Tipo><type>int16_t*</type><TextEmergent>Y axis acceleration.</TextEmergent><modicators></modicators><driverName>ACCELEROMETER</driverName><location>C:\Users\RFI\Dropbox\___RFI Project\Firm\Developments\mariano.hunkeler@rfindustrial.com\DEV\DINA\_api\Sensors\Accelerometer\inc</location><title>no definido</title></item><item><Nombre>Data_Z</Nombre><Tipo>SistemVar</Tipo><type>int16_t*</type><TextEmergent>Z axis acceleration.</TextEmergent><modicators></modicators><driverName>ACCELEROMETER</driverName><location>C:\Users\RFI\Dropbox\___RFI Project\Firm\Developments\mariano.hunkeler@rfindustrial.com\DEV\DINA\_api\Sensors\Accelerometer\inc</location><title>no definido</title></item><item><Nombre>Temperature</Nombre><Tipo>SistemVar</Tipo><type>float*</type><TextEmergent>Temperature measured by accelerometer.</TextEmergent><modicators></modicators><driverName>ACCELEROMETER</driverName><location>C:\Users\RFI\Dropbox\___RFI Project\Firm\Developments\mariano.hunkeler@rfindustrial.com\DEV\DINA\_api\Sensors\Accelerometer\inc</location><title>no definido</title></item></Modulos><ModulosN><item>Data_X</item><item>Data_Y</item><item>Data_Z</item><item>Temperature</item></ModulosN></item><item><ColectionName /><BaseDirectory /><Path /><Archivo /><driverName>ACCELEROMETER</driverName><TexEmergent /><ConfigTags /><Modulos><item><Nombre>eAccReady</Nombre><NombreToolBox>DataReady</NombreToolBox><title>When an alarm occurs</title><location>C:\Users\RFI\Dropbox\___RFI Project\Firm\Developments\mariano.hunkeler@rfindustrial.com\DEV\DINA\_api\Sensors\Accelerometer</location><driverName>ACCELEROMETER</driverName><returnInfo><type>void</type><tooltip>Nothing</tooltip></returnInfo><Tipo>SistemEvt</Tipo><instancia>{"NombreWorkBox" : "Event.ACCELEROMETER.DataReady","definir" : "event_eAccReady_active","parametros" :[{"type":"int16_t","value":"AccX","title":" Acceleration on X axes"},{"type":"int16_t","value":"AccY","title":" Acceleration on Y axes"},{"type":"int16_t","value":"AccZ","title":" Acceleration on Z axes"}]}</instancia></item><item><Nombre>AccPower</Nombre><NombreToolBox>Power</NombreToolBox><title>When an alarm occurs</title><location>C:\Users\RFI\Dropbox\___RFI Project\Firm\Developments\mariano.hunkeler@rfindustrial.com\DEV\DINA\_api\Sensors\Accelerometer</location><driverName>ACCELEROMETER</driverName><returnInfo><type>void</type><tooltip>Nothing</tooltip></returnInfo><Tipo>SistemFnc</Tipo><parameters><item><name>on_off</name><type>int8_t</type><tooltip> 0:Accelerometer power off, 1:Accelerometer power on</tooltip></item></parameters><InnerHTML>&lt;div type='void'  class='lineaDeCodigo' originalclass='funcion' originalid='AccPower' definir='use_AccPower_function' draggable='true' ondragstart='drag_linea(event)'&gt;ACCELEROMETER.Power(&lt;div type='int8_t' title=' 0:Accelerometer power off, 1:Accelerometer power on' class='parametroDiv'&gt;&lt;/div&gt;)&lt;/div&gt;</InnerHTML></item></Modulos><ModulosN><item>eAccReady</item><item>AccPower</item></ModulosN></item><item><ColectionName /><BaseDirectory /><Path /><Archivo /><driverName>FORCE</driverName><TexEmergent /><ConfigTags /><Modulos><item><Nombre>getForce</Nombre><NombreToolBox>Force</NombreToolBox><title>get force value</title><location>C:\Users\RFI\Dropbox\___RFI Project\Firm\Developments\mariano.hunkeler@rfindustrial.com\DEV\DINA\_api\DataSource\Force</location><driverName>FORCE</driverName><returnInfo><type>uint16_t</type><tooltip>ADC value</tooltip></returnInfo><Tipo>SistemFnc</Tipo><parameters /><InnerHTML>&lt;div type='uint16_t'  class='lineaDeCodigo' originalclass='funcion' originalid='getForce' definir='use_getForce_function' draggable='true' ondragstart='drag_linea(event)'&gt;FORCE.Force()&lt;/div&gt;</InnerHTML></item><item><Nombre>ApiForce_OFF</Nombre><NombreToolBox>Force Shutdown</NombreToolBox><title>Shutdown force sensor</title><location>C:\Users\RFI\Dropbox\___RFI Project\Firm\Developments\mariano.hunkeler@rfindustrial.com\DEV\DINA\_api\DataSource\Force</location><driverName>FORCE</driverName><returnInfo><type>void</type><tooltip>nothing</tooltip></returnInfo><Tipo>SistemFnc</Tipo><parameters /><InnerHTML>&lt;div type='void'  class='lineaDeCodigo' originalclass='funcion' originalid='ApiForce_OFF' definir='use_ApiForce_OFF_function' draggable='true' ondragstart='drag_linea(event)'&gt;FORCE.Force Shutdown()&lt;/div&gt;</InnerHTML></item></Modulos><ModulosN><item>getForce</item><item>ApiForce_OFF</item></ModulosN></item><item><ColectionName /><BaseDirectory /><Path /><Archivo /><driverName>Radio</driverName><TexEmergent /><ConfigTags /><Modulos><item><Nombre>eFSKM</Nombre><NombreToolBox>Message Reception</NombreToolBox><title>When it receives a string through the FSK radio</title><location>C:\Users\RFI\Dropbox\___RFI Project\Firm\Developments\mariano.hunkeler@rfindustrial.com\DEV\DINA\_api\Wireless_Communication\Radio_FSK</location><driverName>Radio</driverName><returnInfo><type>void</type><tooltip>Nothing</tooltip></returnInfo><Tipo>SistemEvt</Tipo><instancia>{"NombreWorkBox" : "Event.Radio.Message Reception","definir" : "event_eFSKM_active","parametros" :[{"type":"char*","value":"message","title":" message payload"}]}</instancia></item><item><Nombre>eFSKD</Nombre><NombreToolBox>Chart Reception</NombreToolBox><title>When it receives a chart through the FSK radio</title><location>C:\Users\RFI\Dropbox\___RFI Project\Firm\Developments\mariano.hunkeler@rfindustrial.com\DEV\DINA\_api\Wireless_Communication\Radio_FSK</location><driverName>Radio</driverName><returnInfo><type>void</type><tooltip>Nothing</tooltip></returnInfo><Tipo>SistemEvt</Tipo><instancia>{"NombreWorkBox" : "Event.Radio.Chart Reception","definir" : "event_eFSKD_active","parametros" :[]}</instancia></item><item><Nombre>pFSKM</Nombre><NombreToolBox>Send message</NombreToolBox><title>Sends message through fsk radio</title><location>C:\Users\RFI\Dropbox\___RFI Project\Firm\Developments\mariano.hunkeler@rfindustrial.com\DEV\DINA\_api\Wireless_Communication\Radio_FSK</location><driverName>Radio</driverName><returnInfo><type>void</type><tooltip>Nothing</tooltip></returnInfo><Tipo>SistemFnc</Tipo><parameters><item><name>message</name><type>char*</type><tooltip> message payload</tooltip></item></parameters><InnerHTML>&lt;div type='void'  class='lineaDeCodigo' originalclass='funcion' originalid='pFSKM' definir='use_pFSKM_function' draggable='true' ondragstart='drag_linea(event)'&gt;Radio.Send message(&lt;div type='char*' title=' message payload' class='parametroDiv'&gt;&lt;/div&gt;)&lt;/div&gt;</InnerHTML></item><item><Nombre>pFSKD</Nombre><NombreToolBox>Send chart</NombreToolBox><title>Sends charts through fsk radio</title><location>C:\Users\RFI\Dropbox\___RFI Project\Firm\Developments\mariano.hunkeler@rfindustrial.com\DEV\DINA\_api\Wireless_Communication\Radio_FSK</location><driverName>Radio</driverName><returnInfo><type>void</type><tooltip>Nothing</tooltip></returnInfo><Tipo>SistemFnc</Tipo><parameters /><InnerHTML>&lt;div type='void'  class='lineaDeCodigo' originalclass='funcion' originalid='pFSKD' definir='use_pFSKD_function' draggable='true' ondragstart='drag_linea(event)'&gt;Radio.Send chart()&lt;/div&gt;</InnerHTML></item><item><Nombre>RadioSleep</Nombre><NombreToolBox>Sleep</NombreToolBox><title>Puts the radio module to sleep</title><location>C:\Users\RFI\Dropbox\___RFI Project\Firm\Developments\mariano.hunkeler@rfindustrial.com\DEV\DINA\_api\Wireless_Communication\Radio_FSK</location><driverName>Radio</driverName><returnInfo><type>void</type><tooltip>Nothing</tooltip></returnInfo><Tipo>SistemFnc</Tipo><parameters /><InnerHTML>&lt;div type='void'  class='lineaDeCodigo' originalclass='funcion' originalid='RadioSleep' definir='use_RadioSleep_function' draggable='true' ondragstart='drag_linea(event)'&gt;Radio.Sleep()&lt;/div&gt;</InnerHTML></item><item><Nombre>RadioWakeUp</Nombre><NombreToolBox>WakeUp</NombreToolBox><title>Puts the radio module to wakeup</title><location>C:\Users\RFI\Dropbox\___RFI Project\Firm\Developments\mariano.hunkeler@rfindustrial.com\DEV\DINA\_api\Wireless_Communication\Radio_FSK</location><driverName>Radio</driverName><returnInfo><type>void</type><tooltip>Nothing</tooltip></returnInfo><Tipo>SistemFnc</Tipo><parameters /><InnerHTML>&lt;div type='void'  class='lineaDeCodigo' originalclass='funcion' originalid='RadioWakeUp' definir='use_RadioWakeUp_function' draggable='true' ondragstart='drag_linea(event)'&gt;Radio.WakeUp()&lt;/div&gt;</InnerHTML></item><item><Nombre>errorFSK</Nombre><NombreToolBox>Error</NombreToolBox><title>When it cannot send a chart</title><location>C:\Users\RFI\Dropbox\___RFI Project\Firm\Developments\mariano.hunkeler@rfindustrial.com\DEV\DINA\_api\Wireless_Communication\Radio_FSK</location><driverName>Radio</driverName><returnInfo><type>void</type><tooltip>Nothing</tooltip></returnInfo><Tipo>SistemEvt</Tipo><instancia>{"NombreWorkBox" : "Event.Radio.Error","definir" : "event_errorFSK_active","parametros" :[]}</instancia></item><item><Nombre>wakeupFSK</Nombre><NombreToolBox>WakeUpSuccess</NombreToolBox><title>When the radio module actually wakes up</title><location>C:\Users\RFI\Dropbox\___RFI Project\Firm\Developments\mariano.hunkeler@rfindustrial.com\DEV\DINA\_api\Wireless_Communication\Radio_FSK</location><driverName>Radio</driverName><returnInfo><type>void</type><tooltip>Nothing</tooltip></returnInfo><Tipo>SistemEvt</Tipo><instancia>{"NombreWorkBox" : "Event.Radio.WakeUpSuccess","definir" : "event_wakeupFSK_active","parametros" :[]}</instancia></item><item><Nombre>sleepFSK</Nombre><NombreToolBox>SleepSuccess</NombreToolBox><title>When the radio module really fell asleep</title><location>C:\Users\RFI\Dropbox\___RFI Project\Firm\Developments\mariano.hunkeler@rfindustrial.com\DEV\DINA\_api\Wireless_Communication\Radio_FSK</location><driverName>Radio</driverName><returnInfo><type>void</type><tooltip>Nothing</tooltip></returnInfo><Tipo>SistemEvt</Tipo><instancia>{"NombreWorkBox" : "Event.Radio.SleepSuccess","definir" : "event_sleepFSK_active","parametros" :[]}</instancia></item></Modulos><ModulosN><item>eFSKM</item><item>eFSKD</item><item>pFSKM</item><item>pFSKD</item><item>RadioSleep</item><item>RadioWakeUp</item><item>errorFSK</item><item>wakeupFSK</item><item>sleepFSK</item></ModulosN></item><item><ColectionName /><BaseDirectory /><Path /><Archivo /><driverName>POWER_SAVE</driverName><TexEmergent /><ConfigTags /><Modulos><item><Nombre>powerSave</Nombre><NombreToolBox>powerSave</NombreToolBox><Tipo>SistemFnc</Tipo><title>pone al sistema en modo ahorro de energia por un tiempo dado (en segundos) o hasta la llegada de un evento externo</title><returnInfo><type></type><tooltip></tooltip></returnInfo><parameters /><InnerHTML>&lt;div type='void' class='lineaDeCodigo' definir='use_powersave_function' originalclass='funcion' originalid='powerSave' draggable='true' ondragstart='drag_linea(event)'&gt;system.powerSave(Tiempo:&lt;div type='uint16_t' class='parametroDiv'&gt;&lt;/div&gt; x 67.65 seg.)&lt;/div&gt;</InnerHTML><driverName>POWER_SAVE</driverName><location>C:\Users\RFI\Dropbox\___RFI Project\Firm\Developments\mariano.hunkeler@rfindustrial.com\DEV\DINA\_api\Power_Management</location></item><item><Nombre>deepSleep</Nombre><NombreToolBox>deepSleep</NombreToolBox><title>pone al sistema en modo sueÃ±o profundo por 18 minutos o hasta la llegada de un evento externo</title><location>C:\Users\RFI\Dropbox\___RFI Project\Firm\Developments\mariano.hunkeler@rfindustrial.com\DEV\DINA\_api\Power_Management</location><driverName>POWER_SAVE</driverName><returnInfo><type>void</type><tooltip>Nothing</tooltip></returnInfo><Tipo>SistemFnc</Tipo><parameters /><InnerHTML>&lt;div type='void'  class='lineaDeCodigo' originalclass='funcion' originalid='deepSleep' definir='use_deepSleep_function' draggable='true' ondragstart='drag_linea(event)'&gt;POWER_SAVE.deepSleep()&lt;/div&gt;</InnerHTML></item><item><Nombre>eWUpRWDT</Nombre><NombreToolBox>wakeUp</NombreToolBox><title>When the module is wake up</title><location>C:\Users\RFI\Dropbox\___RFI Project\Firm\Developments\mariano.hunkeler@rfindustrial.com\DEV\DINA\_api\Power_Management</location><driverName>POWER_SAVE</driverName><returnInfo><type>void</type><tooltip>Nothing</tooltip></returnInfo><Tipo>SistemEvt</Tipo><instancia>{"NombreWorkBox" : "Event.POWER_SAVE.wakeUp","definir" : "event_eWUpRWDT_active","parametros" :[{"type":"uint16_t","value":"timeLeft","title":" tiempo restante"}]}</instancia></item></Modulos><ModulosN><item>powerSave</item><item>deepSleep</item><item>eWUpRWDT</item></ModulosN></item><item><ColectionName /><BaseDirectory /><Path /><Archivo /><driverName>SYSTEM</driverName><TexEmergent /><ConfigTags /><Modulos><item><Nombre>onReset</Nombre><NombreToolBox>onReset</NombreToolBox><Tipo>SistemEvt</Tipo><title>When the module and all its functions are ready</title><ReturnInfo><type></type><tooltip>nothing</tooltip></ReturnInfo><parameters /><instancia>{"NombreWorkBox": "Event.SYSTEM.onReset","definir":"event_onReset_active","parametros": []}</instancia><driverName>SYSTEM</driverName><location>C:\Users\RFI\Dropbox\___RFI Project\Firm\Developments\mariano.hunkeler@rfindustrial.com\DEV\DINA\_main\baremetal</location></item><item><Nombre>preReset</Nombre><NombreToolBox>preReset</NombreToolBox><title>before initializing the drivers, recommended for initializing system variables.</title><location>C:\Users\RFI\Dropbox\___RFI Project\Firm\Developments\mariano.hunkeler@rfindustrial.com\DEV\DINA\_main\baremetal</location><driverName>SYSTEM</driverName><returnInfo><type>void</type><tooltip>Nothing</tooltip></returnInfo><Tipo>SistemEvt</Tipo><instancia>{"NombreWorkBox" : "Event.SYSTEM.preReset","definir" : "event_preReset_active","parametros" :[]}</instancia></item></Modulos><ModulosN><item>onReset</item><item>preReset</item></ModulosN></item></elementCollections></ModuleInfo>