{ "repo" : { "url" : null, "branch" : null, "name" : null, "commitId" : null }, "userName" : "francisco.a.martinez.96@gmail.com", "_id" : null, "nombre" : "Dina_2", "modulo" : "Dina", "pcbName" : "null", "autorName" : "francisco.a.martinez.96@gmail.com", "i2cId" : 2, "idConnection" : "", "origin" : "_USER/DEV/DINA/_modulos/OIL_GAS/Dina", "devpath" : "_USER/DEV/DINA", "link" : null, "createdAt" : "2024/01/08-04:18:47", "updatedAt" : "2024/01/08-04:18:47", "path" : "_USER/My Projects/Prueba_DINA_Modbus/Dina_2", "projectName" : "Prueba_DINA_Modbus", "config" : null }